account_code,account_name,account_group,description,caution
ACCT-ADV,광고선전비,판매관리비,상품 또는 서비스 홍보를 위한 광고 지출,접대 목적 지출과 구분 필요
ACCT-FEE,지급수수료,판매관리비,"플랫폼, PG, 배달앱, 외주 서비스 이용 수수료",인건비성 외주와 구분 필요
ACCT-SHIP,운반비,판매관리비,"상품 배송, 택배, 화물 운송 비용",매입 부대비용인지 판매 배송비인지 구분 필요
ACCT-PUR,상품매입,매출원가,판매 목적으로 구입한 상품 매입액,소모품 구입과 구분 필요
ACCT-MAT,원재료비,매출원가,제품 또는 음식 제조를 위한 원재료 구입,판매용 상품매입과 구분 필요
ACCT-RENT,지급임차료,판매관리비,"사무실, 매장, 강의장 등 공간 사용료",보증금과 월세 구분 필요
ACCT-COMM,통신비,판매관리비,"인터넷, 전화, 통신 서비스 이용료",클라우드 비용은 지급수수료와 병행 검토 가능
ACCT-SUB,소모품비,판매관리비,"사무용품, 포장재, 소액 비품 등",자산으로 처리해야 할 물품과 구분 필요
ACCT-OUT,외주용역비,판매관리비,"디자인, 개발, 영상 등 외부 전문가 용역 비용",근로소득/사업소득 원천징수 여부 확인 필요
